物品ID,物品类型,物品名称,物品说明,初版翻译,来自Bosco的翻译,其他备选,第三版翻译,,
3501,0,木剑,木头制成的长剑，多为道士用来驱鬼。（男用）,Wooden Sword,,,Wooden Sword,,"A longsword made of wood, often used by Taoists to exorcise ghosts. (Male use)"
3502,0,青铜剑,青铜熔铸而成的长剑，大巧若拙。（男用）,Bronze Sword,,,Bronze Sword,,"A longsword cast from bronze, great skill appearing clumsy. (Male use)"
3503,0,生铁剑,生铁打造的长剑，江湖上随处可见。（男用）,Iron Sword,,,Iron Sword,,"A longsword forged from pig iron, commonly seen in the martial world. (Male use)"
3504,0,铸云铁,厚厚的一块顽铁，虽然笨重，但砍劈时力量巨大。（男用）,Cloud-Forging Iron,,,Cloud Iron,,"A thick, stubborn piece of iron; cumbersome, but delivers great slashing power. (For men)"
3505,0,锋灵刃,剑锋犀利，有青光流溢，冰冷而又带几分雅致。（男用）,Sharp Spirit Blade,,,Spirit Blade,,"The blade is sharp, with a flowing cyan glow, cold yet elegant. (For men)"
3506,0,流光刃,精铁打造的长剑，在月光下可以看到剑刃发出神秘的寒光。（男用）,Flowing Blade,,,Flowing Blade,,"Long sword forged from refined iron. Under moonlight, blade emits mysterious cold light. (For males)"
3507,0,蕴华剑,铸造时吸收日月之光华，因而威力不俗。（男用）,Yunhua Sword,,,Sunmoon Sword,,"Forged to absorb the brilliance of sun and moon, thus quite powerful. (For men)"
3508,0,凌风剑,手持此剑者临风挥砍，则听到风声锐利，犹如剑刃直刺人心。（男用）,Lingfeng Sword,,,Windrider Sword,,"When wielded and swung in the wind, it produces sharp whistling sounds, as if the blade pierces the heart. (Male)"
3509,0,玉柄龙吟剑,挥剑时伴随龙吟清啸，天地之气为之一荡。（男用）,Jade Hilt Dragon Chant Sword,,,Jade-Hilt DragonSword,,"Sword swings accompanied by dragon's roar, stirring the energy of heaven and earth. (For men)"
3510,0,玄铁重剑,以千年玄铁打造而成，自行凝聚力量，但要靠内力深厚者激发方可发挥。（男用）,Mystic Iron Heavy Sword,,,Mystic Heavy Sword,,"Forged from millennium-old black iron, it accumulates power naturally but requires a master of deep inner strength to unleash it. (Male)"
3511,0,刺珏,剑刃刚劲锋利，削铁如泥，即使是玉石这样坚硬的东西，都能在一挥之间碎裂。（男用）,Thorned Jade,,,Jade Thorn,,"The blade is strong, sharp, and cuts iron like mud. Even something as hard as jade can shatter with a single swing. (For males)"
3512,0,凝霜,剑锋犀利，使用时真气在剑尖凝聚成霜，因此得名。（男用）,Frost Condensation,,,Frost Edge,,"The sword edge is sharp; when Use, true qi condenses into frost at the tip, hence its name. (For men)"
3513,0,绕指柔,以寒铁铸造而成的宝剑，柔韧异常，可绕于指上，使用时加以力道，便可爆发无穷力量，实乃以柔克刚之道。（男用）,Gentle as Silk,,,Finger Wrap,,"A sword forged from cold iron, exceptionally flexible, can wrap around a finger. When Use, applying force unleashes immense power, truly soft overcoming hard. (Male use)"
3514,0,玄瞑剑,据说铸炼此剑只在夜间进行，剑身吸收星月之气，寒光逼人。（男用）,Xuanming Sword,,,Dark Twilight Sword,,"Forged only at night, the blade absorbs stellar and lunar energy, emitting a chilling gleam. (Male)"
3515,0,鬼魁刃,将金刚石料熔于剑身，再用百毒加以炼制，并用马血淬取，伤人即死。（男用）,Ghost Demon Blade,,,Ghostblade,,"Forged by melting diamond ore into the blade, tempered with a hundred poisons and horse blood—a single strike can be fatal. (Male)"
3516,0,定魂剑,能够吸取恶鬼魂魄，提升自身威力的宝剑。（男用）,Soulbinding Sword,,,Soultether,,A sword capable of absorbing evil ghost souls to enhance its own power. (For men)
3517,0,崩鸣刃,此剑挥动之时伴有雷鸣，据说指石石崩，因此得名。（男用）,Bursting Blade,,,Thunderclap Blade,,"When this sword is swung, thunder accompanies; said to point at stone and it crumbles, hence its name. (For men)"
3518,0,镇域剑,此剑一出，便有震慑四野之威，传说将其供奉在祠堂中，便可保一方平安。（男用）,Domain-Suppressing Sword,,,Domain Sword,,"When drawn, this sword radiates awe-inspiring power across the land. Legend says enshrining it in Ancestral Hall ensures peace for the region. (Male use)"
3519,0,碎痕,剑身以飞瀑之力养成，剑锋所到之处无坚不摧，劈水则分开水路，劈山则土石崩坏。（男用）,Shatter,,,Crackmark,,"The blade is forged with the power of a flying waterfall; where its edge reaches, nothing stands unbroken—it parts water and shatters mountains. (For males)"
3520,0,紫宵银月,剑刃所至之处裂而无痕、伤不见血，实乃锋锐无比。（男用）,Purple Dawn Silver Moon,,,Purple Dawn Moon,,"Where the sword blade strikes, it cracks without trace, wounds without blood, truly extremely sharp. (For men)"
3521,0,函灵剑,此剑通灵，但需要内力深厚的人将其驯化，最终便可达到人剑合一之境。（男用）,Hanling Sword,,,Spiritcall Sword,,"This sword Channeling, but requires a master of profound inner strength to tame it, ultimately achieving unity of man and blade. (Male)"
3522,0,黯辰剑,剑出鞘时伴有紫色电光，挥星斩月，所向无敌。（天河）,Dark Star Sword,,,Dark Star,,"A sword that emits purple lightning when drawn, capable of cleaving stars and moon, invincible. (Tianhe)"
3523,0,火炼精,因可在暗夜之中吸引天地之间火灵，故剑身时常散发出火石之光，灵力异常强大。（紫英）,Fire Essence,,,Fire Essence,,"Because it can attract fire spirits from heaven and earth in the dark night, the sword body often emits a flint-like light, its spiritual power exceptionally strong. (Ziying)"
3524,0,飞雯焕日,练实为虚的至高境界，剑出鞘时，如长虹贯日，其景象端丽不可方物。（男用）,"Flying Clouds, Shining Sun",,,Rainbow Sunblade,,"The highest realm of turning solid into void. When drawn, the sword gleams like a rainbow piercing the sun, a sight of peerless beauty. (Male)"
3525,0,慑天,剑身若有若无，出剑能引风聚雷，贯注雷霆之威。持有者若未修行仙术，将遭反噬而亡。（男用）,Intimidating Heaven,,,Heaven's Fear,,"The blade seems intangible; drawing it summons wind and gathers thunder, channeling lightning's might. If the wielder lacks cultivation, they will suffer backlash and die. (For males)"
3526,1,峨嵋刺,一种奇门兵器，原本专门用于水战，又称分水峨嵋刺。（菱纱）,Emei Daggers,,,Emei Piercers,,"An exotic weapon, originally specialized for naval combat, also called water-splitting Emei Daggers. (Lingsha)"
3527,1,银光剑,精铁剑身镶以白银，挥动时有银光发出。（菱纱）,Silver Light Sword,,,Silver Gleam,,"Iron sword inlaid with silver, emits silver light when swung. (For Lingsha)"
3528,1,乌金剑,乌金打造的剑身，短小坚固。（菱纱）,Black Gold Sword,,,Blackgold Blade,,"A sword body forged from black gold, short and sturdy. (Lingsha)"
3529,1,萍沙剑,常用的双手武器，轻巧耐用，舞动起来如风如影。（菱纱）,Pingsha Sword,,,Sandrider,,"A common two-handed weapon, light and durable, wielded with the grace of wind and shadow. (Lingsha)"
3530,1,折红针,以赤铁打造，轻巧而便于携带，刃部隐隐发出红光。（菱纱）,Zhehong Needle,,,Crimson Needle,,"Forged from red iron, light and easy to carry, the blade faintly emits red light. (Lingsha)"
3531,1,望月,锋刃犹如新月，薄而锋利，舞动起来攻守兼备。（菱纱）,Moon Gaze,,,Moongaze,,"The blade is like a crescent moon, thin and sharp; wielding it offers both offense and defense. (Lingsha)"
3532,1,天心剑,剑柄镶有如意宝玉，据说能通人心，十分珍贵。（菱纱）,Tianxin Sword,,,Heart Sword,,"The hilt is inlaid with a precious 'Ruyi' jade, said to understand the heart, extremely valuable. (Lingsha)"
3533,1,太极双绝,蕴含太极之力，能调和五行之气，如以内力催动，则能增加其杀伤力。（菱纱）,Taiji Double Ultimate,,,Taiji Twin,,"Infused with Taiji energy, it harmonizes the five elements. When channeled with inner force, its destructive power increases. (Ling Sha)"
3534,1,沉渊勾,通灵之物，自身带煞，能感应千里之外的杀气。（菱纱）,Abyssal Hook,,,Deep Abyss Hook,,"Channeling object, , can sense killing spirit from a thousand miles away. (Lingsha)"
3535,1,月菱针,两端剑刃状如菱角，能吸月华之力，故夜间月光下使用最佳。（菱纱）,Moonthorn Needle,,,Moonthorn,,"The double-edged blade resembles water chestnut, absorbing moonlight; best used at night under the moon. (Lingsha)"
3536,1,寒梅,锐利而轻盈，拿在手中更觉有丝丝寒气冒出，绝非凡品。（菱纱）,Cold Plum,,,Winter Plum,,"Sharp and lightweight, holding it feels a slight chill emanating, definitely extraordinary. (For Lingsha)"
3537,1,蛇影,剑身流动，如青蛇游走，但由于此武器十分小巧，舞动时只能见其影而不可见其形。（菱纱）,Snake Shadow,,,Serpent Shadow,,"The blade flows like a green serpent, but as this Weapon is extremely small, when wielded, only its shadow is seen, not its form. (For Lingxia)"
3538,1,蟠龙爪,剑如其名，利如龙爪，剑身乃是用精钢锻造，无坚不摧。（菱纱）,Coiling Dragon Claw,,,Dragon Claw,,"True to its name, sharp as dragon claws; the blade is forged from fine steel, capable of destroying anything. (Lingsha)"
3539,1,飞瀑水吟,剑身挥动时有水流飞瀑之声，小巧中见壮阔，十分灵异，因而得名。（菱纱）,Waterfall Water Chant,,,Waterfall Chant,,"When the sword is swung, it makes the sound of flowing water and waterfalls. Small yet majestic, very mystical, hence its name. (Ling Sha)"
3540,1,回锋落雁,此剑广吸山川灵秀之气，凝聚于锋刃之上，故能以剑气伤人于无形。（菱纱）,"Returning Blade, Falling Goose",,,Falling Goose Blade,,"This sword widely absorbs the spiritual essence of mountains and rivers, concentrating it on its blade, thus able to wound with sword qi intangibly. (Ling Sha)"
3541,1,流霜月魄刃,剑刃由月光所化，挥动时能逆转五行之气为我所用，故所向披靡。（菱纱）,Frost Moon Blade,,,Moonfrost Blade,,"Blade forged from moonlight; when swung, reverses the five elements' qi for the wielder, making it invincible. (Lingsha)"
3542,1,青灵苍角刃,异兽之角融合稀世宝石方能铸成此剑，剑成时将异兽灵气尽纳其中，化为温润青芒。（菱纱）,Green Spirit Cangjiao Blade,,,Azure Horn Blade,,"Forged from a mythical beast's horn fused with rare gems, this sword absorbs the beast's spiritual energy upon completion, transforming into a gentle green glow. (For Lingxia)"
3543,1,羿日焓灵刃,通体虹光四溢，锋芒更由乾坤之气所凝，挥动时则天地为之色变，耀目夺魂。（菱纱）,Sunfire Spirit Blade,,,Sunfire Blade,,"The entire body overflows with rainbow light, its sharp edge condensed from the qi of heaven and earth. When swung, heaven and earth change color, dazzling Soul Snatch. (Lingsha)"
3544,2,雕花箜篌,琴柱雕有细小花纹，琴身古色古香。（梦璃）,Carved Konghou,,,Carved Harp,,"The qin's pillars are carved with fine patterns, the body has an antique charm. (Mengli)"
3545,2,寒香枫木琴,此琴弹奏之时会有清香缭绕，让人精神为之一振。（梦璃）,Cold Fragrance Maple Wood Qin,,,Maple Harp,,"Playing this Qin produces great aroma, refreshing the spirit. (Mengli)"
3546,2,浣尘玉琴,以上好的古玉雕琢而成琴柱，声音激越，听之能净化心智。（梦璃）,Washing Dust Jade Zither,,,Jade Zither,,"Carved from fine Ancient Jade into qin pegs, sound is vigorous, listening can purify the mind. (For Mengli)"
3547,2,松风卧云,奏之如空谷之上松风鸣响，嚯嚯有声，共鸣之音能让巨石崩裂。（梦璃）,Pine Breeze Lying in Clouds,,,Pinewind,,"When played, it sounds like wind through pines over an empty valley, humming with resonance that can shatter giant rocks. (Mengli)"
3548,2,幽泉,琴如其名，指尖流出的乐音有如深山幽泉，但需要懂琴之人方可使用。（梦璃）,Youquan,,,Dark Spring,,"True to its name, the music flowing from its strings resembles deep mountain Youquan, but only those who understand the qin can Use. (Meng Li)"
3549,2,散玉琴,此琴用天蚕之丝为弦，内力催动乐声，利可碎玉。（梦璃）,Scattered Jade Lute,,,Jade Lute,,"This Qin uses Celestial Silkworm for strings; internal force music, sharp enough to shatter jade. (Mengli)"
3550,2,鹤唳,弦动之声有如鹤唳，因而得名。稍有内力之人抚琴，便可激发弦乐伤人，此琴便成为利器。（梦璃）,Crane's Cry,,,Crane Cry,,"The sound of its strings is like Crane's Cry, hence its name. When played by someone with internal energy, the music can harm others, making this zither a weapon. (Mengli)"
3551,2,沉香芙蓉琴,细看便可发现琴身雕有百朵芙蓉，弹奏时犹如奇花绽放，散发异香，能勾人魂魄。（梦璃）,Eaglewood Lotus Lute,,,Lotus Lute,,"Upon closer inspection, the qin body is carved with a hundred hibiscus flowers; when played, it resembles exotic blooms unfurling, emitting a strange fragrance that can captivate souls. (For Mengli)"
3552,2,赤羽琴,用神鸟尾羽装饰琴柱，抚琴之时会有霞光流溢。（梦璃）,Red Feather Zither,,,Red Feather,,Decorated with divine bird tail feathers on the tuning pegs; playing it causes radiant light to flow. (Mengli)
3553,2,璞玉琴,此琴半身皆由稀世古玉打造，晶莹剔透，琴弦乃冰丝所化，音起则有阵阵凉气袭人。（梦璃）,Puyu Qin,,,Rough Jade Qin,,"Half of this qin is crafted from rare Ancient Jade, crystal clear; its strings are made of ice silk, producing cool gusts with each note. (For Mengli)"
3554,2,鬼柳箜篌,此琴弦利，琴身斑驳遒劲，其实是由金刚之石打磨而成，奏之有如鬼泣。（梦璃）,Ghost Willow Konghou,,,Ghost Harp,,"With sharp strings and a rugged, gnarled body, this qin is actually polished from diamond stone. Playing it sounds like ghostly weeping. (Meng Li)"
3555,2,碧血瑶琴,此琴又唤“魔琴”，弦丝一动必见血，饮血越多琴身则越发翠绿，故曰碧血。（梦璃）,Green Blood Jade Zither,,,Blood Jade Zither,,"This zither is also called the 'Demonic Zither.' When its strings move, blood must be seen. The more blood it drinks, the greener the zither body becomes, hence the name 'Jade Blood.' (Mengli)"
3556,2,天回北斗琴,琴身镶有无数水晶，璨若晨星。丝弦能吸北斗七星之精气，乐音高亢破天。（梦璃）,Heaven Big Dipper Qin,,,Dipper Qin,,"The qin body is inlaid with countless crystals, brilliant as morning stars. Its silk strings absorb the essence of the Big Dipper, producing piercing, sky-rending music. (Mengli)"
3557,2,司幽,无弦无丝，却凝结天地之气。乐声悠远绵长，润万物于无声之中。（梦璃）,Siyou,,,Dark Whisper,,"No strings, yet condenses heaven-earth qi. Music distant and lingering, nourishes all things in silence. (Mengli)"
3558,3,头巾,普通百姓用来束发的头巾。（男用）,Headband,ClothBand,,ClothBand,,Headband used by common folk to tie hair. (Male use)
3559,3,绸布方巾,用上好的丝绸制成的方巾，颇有儒雅风范。（男用）,Silk Square Scarf,SilkBand,,SilkBand,,"A square scarf made of fine silk, quite elegant and refined. (For men)"
3560,3,浩然巾,做工十分精细的头巾。质地挺括，戴起来感觉神清气爽。（男用）,Haoran Scarf,WindBand,,WindBand,,"A very finely crafted Headband. The material is stiff, and wearing it makes one feel refreshed and clear-headed. (For men)"
3561,3,云英冠,儒生常戴的帽子，虽然普通，但戴起来风度翩翩。（男用）,Cloud Flower Crown,,,Cloud Flower Crown,,"A hat commonly worn by scholars; plain, but wearing it gives an air of elegance and grace. (For men)"
3562,3,龙纹帻,金丝线纺织而成，上有龙纹符咒，可使佩戴之人逢凶化吉。（男用）,Dragon Pattern Headband,,,DragonPatternHeadband,,"Woven from golden Silk Thread, with dragon patterns and spells, can bring good fortune to Equip individuals in danger. (For males)"
3563,3,紫阳冠,道家常用的头冠，以元色置于首，有天人合一之意。（男用）,Purple Sun Crown,,,Purple Sun Crown,,"A headband commonly used by Taoists, with black at the head, symbolizing unity of heaven and human. (For men)"
3564,3,琅邪冠,天蚕冰丝编制而成，上嵌避邪宝玉，防护效果极佳，且能清心明目。（男用）,Langya Crown,,,Langya Crown,,"Woven from heavenly silk and ice thread, inlaid with jade to ward off evil. Excellent protective effect, and can clear the mind and brighten the eyes. (Male)"
3565,3,五灵纶巾,头巾隐含五灵之力，是一件不可多得的宝物。（男用）,Five Elements Silk Scarf,PrismBand,,PrismBand,,"Headband contains hidden Five Elements power, making it a rare treasure. (For men)"
3566,3,赤金攒珠冠,赤金、珠冠，不惧水火，凡修习道法之人，皆梦寐以求。（男用）,Vermilion Gold Pearl Crown,,,VermilionPearlCrown,,"Red gold, pearl crown, impervious to water and fire. All who practice Taoism dream of possessing it. (For males)"
3567,3,荧石笠,因附有仙力，而轻如无物，戴此冠能逼退一切邪气。（天河）,Fluorite Hat,,,Fluorite Hat,,"Due to attached immortal power, light as nothing; wearing this crown repels all evil qi. (Tianhe)"
3568,3,精钢笠,以昆仑紫鸦乌打造，虽然坚固异常，却轻如鸿毛。（紫英）,Steel Helmet,,,Steel Helmet,,"Forged from Kunlun Purple Crow Black, exceptionally sturdy yet light as a feather. (Ziying)"
3569,3,通天冠,传说是天兵神将的头盔，戴上之人便法力大增，神勇异常。（男用）,Heaven-Passing Crown,,,Heaven-Passing Crown,,"Legend says it's the Helmet of heavenly soldiers and generals. Wearer gains greatly increased magic power, exceptionally divine bravery. (For males)"
3570,3,瑞日临天冠,形似日神所佩神冠，蕴含万道瑞气，可赐予人无上神力。（天河）,Auspicious Sun Crown,SunlordCrown,,SunlordCrown,,"Resembles the divine crown worn by the sun god, containing myriad auspicious energies, capable of bestowing supreme divine power. (Tianhe)"
3571,3,九龙紫金冠,极细的紫金丝编织而成，质地轻盈，具有非凡的神力。（紫英）,Nine Dragon Purple Gold Crown,ImperialCrown,,ImperialCrown,,"Woven from extremely fine purple-gold threads, it is lightweight in texture and possesses extraordinary divine power. (Ziying)"
3572,3,青丝巾,青色的丝织发带，女子束扎头发必备之物。（女用）,Black Silk Scarf,GreenBand,,GreenBand,,"A green silk hair ribbon, essential for women to tie up their hair. (For women)"
3573,3,五彩花冠,五色花冠，用来固定头发。色泽艳丽，栩栩如生。（女用）,Five-Colored Flower Crown,FloralCirclet,,FloralCirclet,,"A five-colored floral crown used to secure hair. Vibrant colors, lifelike. (For women)"
3574,3,描金头帕,上好丝绸制成的头帕，上有金银丝绣成的花纹。（女用）,Gold-Trimmed Headscarf,GildedScarf,,GildedScarf,,"A headscarf made of fine silk, embroidered with gold and silver thread patterns. (For women)"
3575,3,如意发带,设计巧妙的发带，用七彩丝绳制成，有多种束法。（女用）,Ruyi Hairband,BraidBand,,BraidBand,,"A cleverly designed hairband made of colorful silk cords, with various tying methods. (For women)"
3576,3,菡萏帕,冰蚕丝织就而成的锦帕，又被染制成绯红色，束扎头发时如片片荷花花瓣。（女用）,Lotus Handkerchief,,,Lotus Handkerchief,,"A brocade kerchief woven from ice Silk, dyed crimson. When tying hair, it resembles lotus petals. (Female use)"
3577,3,银角梳,半月型的梳子镶以银边，看起来贵重精致，据说还有避邪的作用。（女用）,Silver Horn Comb,,,Silver Horn Comb,,"A crescent-shaped comb edged with silver, appears precious and exquisite; said to ward off evil. (Female)"
3578,3,斗弯环,琅环玉打磨而成的灵物，七颗玉石排列成北斗七星状，佩戴它有助于吸取体内毒素。（女用）,Dou Wanhuan,,,Dou Wanhuan,,"A spiritual object polished from Langhuan Jade, seven gems arranged like the Big Dipper; Equip aids in drawing toxins from the body. (For females)"
3579,3,鸳鸯铃铛,双色天蚕丝系着的铃铛，一金一银，遇到投缘之人，铃铛便会发出五彩霞光。（女用）,Mandarin Duck Bells,,,Mandarin Duck Bells,,"A bell tied with a two-colored sky Silk ribbon, one gold, one silver. When meeting a kindred spirit, the bell emits multicolored light. (Female use)"
3580,3,飐风发带,犹如以霞丝织就，无风自动，煞是好看，甚至被误以为是风神流落人间的宝贝。（女用）,Whirling Wind Hairband,,,WhirlingHairband,,"As if woven from rosy cloud silk, it moves without wind, extremely beautiful. It's even mistaken for a treasure lost by the Wind God in the mortal world. (For females)"
3581,3,蕉柳玉簪,取神木“蕉柳”之名，古朴生香，本身使用的玉石亦是极为罕见，通灵通神。（菱纱）,Banana Willow Jade Hairpin,,,WillowJadeHairpin,,"Named after the divine wood 'Jiao Liu,' simple and fragrant. The Use jade itself is extremely rare, with Channeling connecting to the divine. (Lingsha)"
3582,3,鸾鸟鸣凤钗,纯金打造，并镶嵌各种避邪之物，显得十分高贵。（梦璃）,Luan Bird Phoenix Hairpin,,,PhoenixHairpin,,"Made of pure gold and inlaid with various exorcism items, appearing very noble. (Mengli)"
3583,3,菱叶萦波梳,可避水火二气，每日清晨便幻化出隐隐霞光。（女用）,Water Chestnut Wave Comb,,,Chestnut Comb,,"Repels fire and water qi, emitting faint morning glow at dawn. (For women)"
3584,3,青霞碧云冠,身具灵气之人，佩之则绽放出青碧霞光，犹如天女降临，威仪万方。（菱纱）,Azure Cloud Crown,,,Azure Cloud Crown,,"When worn by a person with spiritual energy, it emits a green-blue glow, like a heavenly maiden descending, majestic and awe-inspiring. (Ling Sha)"
3585,3,如意琅环簪,神奇的古玉制成，可随心幻化出护体之光。（梦璃）,Ruyi Langhuan Hairpin,,,Ruyi Hairpin,,"Made from magical Ancient Jade, it can conjure a protective light at will. (For Mengli)"
3586,4,长袍,交领长袍，市井中最常见的装束。（男用）　　　　　　　　 　　　　　,Long Robe,,,Long Robe,,"Cross-collar Long Robe, most common attire in the market. (For men)"
3587,4,英雄氅,很受江湖豪客欢迎的外衣，穿上它会让人显得高大挺拔。（男用）,Hero's Cloak,BraveRobe,,BraveRobe,,A very popular outer garment among martial artists; wearing it makes one appear tall and straight. (For men)
3588,4,流云披风,绣有流云图案的披风，做工精细，质地轻薄。（男用）,Flowing Cloud Cloak,CloudCloak,,CloudCloak,,"A cloak embroidered with cloud patterns, finely crafted and lightweight. (For men)"
3589,4,避邪披风,据说被得道之人施过符咒，不仅能够驱寒，还能抵御疾病。　（男用）,Ward Off Evil Cloak,,,Evil-Ward Cloak,,Reportedly enchanted by an enlightened one; not only wards off cold but also resists diseases. (Male)
3590,4,松绿锦袍,薄而挺的绵袍，上绣华丽花纹，在贵族子弟中很流行。（男用）,Pine Green Brocade Robe,ElegantRobe,,ElegantRobe,,"A thin yet stiff silk robe embroidered with luxurious patterns, very popular among noble youths. (For men)"
3591,4,浮云袍,做工精良，是很好的保暖衣装。　（男用）,Cloud Robe,,,Cloud Robe,,"Well-made, good warm clothing. (For men)"
3592,4,黑貂裘,珍贵的黑貂皮毛缝制而成，光可鉴人。（男用）,Black Mink Fur,,,Black Sable Fur,,"Sewn from precious black sable fur, glossy enough to reflect light. (Male use)"
3593,4,锦鳞背心,宫制的锦帛为底，上面镶嵌无数细小鳞甲片，在阳光下十分耀眼。（男用）,Brocade Scale Vest,,,Brocade Scale Vest,,"Made from palace-woven brocade as base, inlaid with countless tiny scale plates, dazzling in sunlight. (Male)"
3594,4,天师道袍,附有较强法力的法衣，具有驱魔避邪的功能。（男用）,Taoist Robe,TaoistRobe,,TaoistRobe,,"A ritual robe with strong magical power, capable of exorcising evil. (For men)"
3595,4,云纹细鳞甲,甲胄表面布满不同颜色的细鳞，远看恍如云纹，隐隐流动。（男用）,Cloud Fine Scale Armor,,,Cloud Scale Armor,,"Armor surface covered with fine scales of different colors, from afar looks like cloud patterns, faintly flowing. (For males)"
3596,4,金钢软丝甲,金钢抽丝编制而成的铠甲，坚固耐用而不沉重，是上好的防具。（男用）,Diamond Soft Silk Armor,,,Diamond Silk Armor,,"Armor woven from drawn steel threads, sturdy and durable yet not heavy, an excellent defensive gear. (Male)"
3597,4,翼云甲,此甲柔韧轻薄，穿上则凡俗兵器皆不能伤其身。（男用）,Wing Cloud Armor,,,Cloudwing Armor,,"This armor is supple and thin; when worn, mundane weapons cannot harm the body. (For men)"
3598,4,太极软甲,柔软处以特殊的手法编制而成，实则异常坚固，暗合太极以柔克刚之道。（男用）,Tai Chi Soft Armor,,,Taiji Soft Armor,,"Woven with special techniques in soft areas, yet remarkably sturdy, embodying the Taiji principle of softness overcoming hardness. (Male)"
3599,4,癸鬼袍,蕴含有鬼力的道袍，传说可沟通阴阳两界。（紫英）,Ghostly Robe,YinYangRobe,,YinYangRobe,,"A Taoist robe imbued with ghostly power, said to bridge the realms of yin and yang. (For Ziying)"
3600,4,鬼针胄,布满倒刺的铜制软甲，攻守兼备，令人防不胜防。（天河）,Ghost Needle Armor,BarbedArmor,,BarbedArmor,,"A copper armor covered in barbs, offering both offense and defense, making it hard to guard against. (Tianhe)"
3601,4,玄武战袍,取四灵“玄武”之名，乃是冀望此袍之强大灵力可与天地神物相媲美。（男用）,Black Tortoise Battle Robe,XuanwuArmor,,XuanwuArmor,,"Named after the Four Spirits' 'Black Tortoise,' this robe aspires to match the powerful spiritual energy of divine beings. (Male)"
3602,4,清阳太昭袍,袍身隐隐透出仙气，传说是仙女用霞彩织就，具无上神力。（紫英）,Clear Sun Tai Zhao Robe,,,Sunlight Robe,,"Robe faintly emits immortal aura. Legend says woven by fairy maidens from rosy clouds, possesses supreme divine power. (For Ziying)"
3603,4,乾坤甲胄,相传为神兵所穿护甲，集天地精华，蕴无上神力。（天河）,Qiankun Armor,,,Universe Armor,,"Legendary armor worn by divine weapons, gathering the essence of heaven and earth, containing supreme divine power. (Tianhe)"
3604,4,丝缎披风,上好的丝绸锦缎制成的披风，江南一带女子常备的服装。（女用）,Satin Cape,SilkCloak,,SilkCloak,,"A cloak made of high-quality silk brocade, a common garment for women in the Jiangnan region. (For women)"
3605,4,青丝绣衣,青丝绣成的短装，做工精细，纹样清丽。（女用）,Black Silk Embroidered Clothes,,,Green Silk Robe,,"Short attire embroidered with black silk, exquisite workmanship, elegant patterns. (For women)"
3606,4,轻纱罗衣,又轻又薄罗纱制成，纹理斑驳，飘逸秀丽。（女用）,Light Gauze Robe,SheerRobe,,SheerRobe,,"Made of light, thin gauze, Texture mottled, elegant and beautiful. (For women)"
3607,4,嵌玉披风,嵌有古玉的披风，由上等锦帛缝制而成，古玉温润圆滑，据说可以通灵。（女用）,Jade-Inlaid Cloak,,,Jade Cloak,,"A cloak inlaid with Ancient Jade, sewn from premium brocade. Ancient Jade is smooth and mellow, said to Channeling. (Female)"
3608,4,百花裙,橙色绫锦上有百花绣饰，皆为精致的苏绣，鲜活明艳。（女用）,Hundred Flowers Skirt,,,Flower Skirt,,"Orange silk brocade adorned with embroidered flowers, all exquisitely crafted Su embroidery, vivid and bright. (For women)"
3609,4,软烟罗裳,据说软烟罗的制造工艺已经失传很久，而这种衣服也变得极为珍贵。（女用）,Soft Mist Robe,,,Mist Robe,,"It is said the craftsmanship for making Soft Mist Silk has been lost for ages, and such clothing has become extremely rare. (Female)"
3610,4,凤纹披风,绣凤织锦，光彩夺目。（女用）　　　　,Phoenix Pattern Cape,PhoenixCloak,,PhoenixCloak,,"Phoenix-embroidered brocade, dazzlingly brilliant. (Female use)"
3611,4,白绫石榴裙,裙幅层层折叠，错落有致，犹如盛开的石榴花。（女用）,White Silk Pomegranate Skirt,BlossomDress,,BlossomDress,,"The skirt has layered, staggered folds, resembling a blooming pomegranate flower. (For women)"
3612,4,牙白绣金裙,质地细腻的绢纱，上有金线绣制纹样，层层叠叠，超然飘逸。（女用）,Ivory Embroidered Gold Skirt,,,Ivory Gold Skirt,,"Fine silk gauze with gold-thread embroidery, layered and ethereal, transcendent and graceful. (Female)"
3613,4,沁雪白绫衫,衣衫上坠有雪绒之花，穿上使人清心寡欲，可提高修行之人的内力。（女用）,Snow-Soaked White Silk Robe,,,Snow Silk Robe,,The garment is adorned with snow-flower fluff. Wearing it purifies desires and can enhance the inner strength of cultivators. (Female)
3614,4,青绮绫,稀有的绮绫混织服，该种纺织技艺已经失传，真品世间罕见。（女用）,Green Brocade Ribbon,MixedTunic,,MixedTunic,,"A rare garment of mixed brocade and silk; the weaving technique is lost, genuine pieces are extremely rare. (Female)"
3615,4,霓裳羽衣,传说中的舞衣，舞动时虹霓万丈，舞者轻盈若飞，似幻似仙。（女用）,Rainbow Feather Garment,,,RainbowFeatherDress,,"A legendary dance dress; when worn, rainbows shimmer, making the dancer light as flying, ethereal and immortal. (Female)"
3616,4,鲛绡,曾是海底鲛人所织、献给龙王的贡品，不知缘何制法流落人间。（女用）,Mermaid Silk,SeaSilkTunic,,SeaSilkTunic,,Once woven by merfolk of the sea as tribute to the Dragon King; somehow its crafting method was lost to the mortal realm. (Female)
3617,4,蝶舞百褶裙,此裙生香，穿上便可引来千里之外的蝴蝶绕裙飞舞，故此得名。（梦璃）,Butterfly Pleated Skirt,,,Butterfly Skirt,,"This skirt emits fragrance; wearing it attracts butterflies from miles away to dance around it, hence its name. (Mengli)"
3618,4,霁月锦绣服,华丽的锦缎缝制而成的长裙，虽然看起来很薄，实则柔韧有加，放置百年而不化。（菱纱）,Clear Moon Brocade Robe,,,Clear Moon Robe,,"A long skirt sewn from luxurious brocade. Though it appears thin, it is actually very supple and resilient, remaining unchanged for a hundred years. (Lingsha)"
3619,4,广袖流仙裙,上古宫廷中的至宝，式样华丽无比，望之心醉，如今在民间已成传说。（女用）,Wide Sleeve Fairy Skirt,EtherealDress,,EtherealDress,,"A treasure from ancient courts, incredibly gorgeous in style, captivating to behold. Now a legend among the common folk. (Female)"
3620,4,流萦醉花衣,衣料经过了七七四十九天的熏香过程，因此富含奇香，经久不散。（菱纱）,Flowing Drunken Flower Gown,BlossomRobe,,BlossomRobe,,"The fabric underwent a 49-day incense fumigation process, thus rich in exotic fragrance, long-lasting and pervasive. (Ling Sha)"
3621,4,天蚕月瞑衣,穿上之后冬暖夏凉，水火不侵，且在月光下便会悠然生香。（梦璃）,Heaven Silkworm Moon Veil,,,Moon Veil,,"Wearing it keeps warm in winter and cool in summer, impervious to water and fire, and emits faint fragrance under moonlight. (For Mengli)"
3622,5,软麻鞋,十分轻便，适宜日常穿着。（男用）,Soft Hemp Shoes,,,Hemp Shoes,,"Very lightweight, suitable for daily wear. (Male use)"
3623,5,长靴,粗布缝制的软底长靴。结实耐穿，是很常见的靴子。（男用）　　　　　　　　　,Long Boots,,,Boots,,Soft-soled Long Boots sewn from coarse cloth. Durable and common boots. (For men)
3624,5,远游屐,鞋底装有倒齿，登山不累，雨天不滑。（男用）,Traveler's Clogs,,,Travel Clogs,,"Soles fitted with reverse teeth; tireless for climbing, non-slip in rain. (For men)"
3625,5,翔鹰踏,鞋底有如鹰爪，穿上此鞋，即使攀登悬崖也会如履平地。（男用）,Soaring Eagle Stomp,,,Eagle Stomp,,"Sole like eagle claws. Wearing these shoes, even climbing cliffs feels like walking on flat ground. (For males)"
3626,5,卷云鞋,上等棉布制成的鞋面，有蜡染卷云纹，十分舒适别致。（男用）,Cloud Treading Shoes,,,Cloud Shoes,,"Upper made of fine cotton, with wax-dyed cloud patterns, very comfortable and unique. (For men)"
3627,5,真武战靴,靴子的外表面包着一层精钢打造而成的鳞片，具有很强的防护功能。（男用）,Zhenwu War Boots,WarBoots,,WarBoots,,"The outer surface of the boots is covered with scales made of refined steel, offering strong protective function. (Male)"
3628,5,冽泉屐,此屐轻若鸿毛，穿上便可遇弱水而不沉，十分神奇。（男用）,Ice Spring Boots,,,Cold Spring Clogs,,"These clogs light as a feather; wearing them allows crossing weak waters without sinking, very magical. (For men)"
3629,5,御风履,常人若想御剑飞行则需着此履。（男用）,Wind-Walking Boots,,,Windwalkers,,Mortals need these shoes to Sword Flight. (For men)
3630,5,升龙靴,靴子上附有升龙之气，若此时施法，气势将锐不可当。（天河）,Dragon Boots,,,Rising Dragon Boots,,"Boots imbued with the energy of a rising dragon; if casting spells while wearing them, the momentum will be unstoppable. (Tianhe)"
3631,5,杜衡靴,古有仙草“杜衡”，马食则日行千里，此靴以杜衡为名，其意自现。（紫英）,Duheng Boots,,,Speed Boots,,"In ancient times, there was an immortal herb Du Heng. Horses that ate it could travel a thousand miles a day. These boots are named after Du Heng, their purpose self-evident. (Ziying)"
3632,5,望仙鞋,秦代的宫廷鞋履，据说其制法由众多方士苦思而得，穿上则具有延年益寿的功效。（男用）,Immortal's Shoes,VitalShoes,,VitalShoes,,"Court shoes from the Qin Dynasty, said to be crafted through the intense contemplation of many alchemists; wearing them is believed to prolong life. (For males)"
3633,5,龙马行天靴,瑞祥宝物，穿上此靴便可飞身于青天之上，日行万里。（天河）,Dragon Horse Sky Boots,,,Sky Dragon Boots,,"An auspicious treasure; wearing these boots allows one to soar into the blue sky, traveling ten thousand miles a day. (Tianhe)"
3634,5,王乔仙履,一双满溢灵气的靴子，传闻穿上即可白日飞升，故名。（紫英）,Wang Qiao Immortal Shoes,ShiftBoots,,ShiftBoots,,"Boots overflowing with spiritual energy; legend says wearing them allows daytime ascension, hence the name. (Ziying)"
3635,5,纤盈软靴,广受江湖女子喜爱的轻便短靴，由兽皮制成。（女用）　　　　,Slender Soft Boots,,,Soft Boots,,"Lightweight short boots popular among martial arts women, made from Beast Hide. (For women)"
3636,5,登云履,由于极其灵便耐磨，特别适合长途跋涉。（女用）　,Cloud-Treading Boots,,,Cloud Boots,,"Extremely agile and wear-resistant, especially suitable for long journeys. (For women)"
3637,5,沫雨靴,鞋底刷有桐油，故此防水功能极好。（女用）　,Rainy Boots,,,Rain Boots,,"The soles are brushed with tung oil, hence excellent waterproofing. (Female use)"
3638,5,金镂鞋,外层包裹着黄金雕刻而成的薄鞋套，精致漂亮。（女用）,Gold-Threaded Shoes,GoldShoes,,GoldShoes,,"Outer layer is a thin shoe cover made of carved gold, exquisite and beautiful. (For women)"
3639,5,青裘靴,穿上此靴，即使在极寒之地也不会觉得冷，保暖性极佳。（女用）,Green Fur Boots,,,Fur Boots,,"Wearing these boots, even in extremely cold places, one won't feel cold. Excellent warmth retention. (For females)"
3640,5,蹙金云履,以帛为鞋面，用金箔做装饰，据说对修行之人有所助益。（女用）,Crimson Cloud Tread Shoes,GildedBoots,,GildedBoots,,"Shoes with silk uppers decorated with gold foil, said to be beneficial for those cultivating their practice. (For women)"
3641,5,百绣鞋,鞋面绣有金丝祥云，凤飞凰舞，鲜活灵动，有吉祥之意。（女用）,Hundred-Embroidered Shoes,,,Embroidered Shoes,,"Shoe surface embroidered with golden auspicious clouds, phoenixes flying and dancing, vivid and lively, implying Auspicious. (For females)"
3642,5,鳞纹靴,靴子上的鳞纹反射幽芒，令人望而生寒。（女用）,Scale Pattern Boots,,,Scale Boots,,"Scale patterns on the boots reflect an eerie glow, chilling to behold. (For women)"
3643,5,凤藻靴,鞋面所绣金凤栩栩如生、振翅欲飞，穿之则遇难呈祥，能避一切邪魔。（菱纱）,Phoenix Boots,,,Phoenix Boots,,"The golden phoenix embroidered on the shoes appears lifelike, as if ready to take flight. Wearing them brings fortune in adversity, warding off all evil. (Ling Sha)"
3644,5,天霜鞋,穿上之后凉气阵阵，能调节人体经脉，助练武之人修成上乘内力。（梦璃）,Sky Frost Boots,,,Frost Boots,,"Wearing them brings a constant coolness, able to regulate the body's meridians, aiding martial artists in cultivating superior inner strength. (Mengli)"
3645,5,凌波拾翠履,貌似玉石雕刻而成的莲花，穿之立刻身轻若飞，相传可畅游天地而无阻。（女用）,Lingbo Picking Jade Shoes,,,Lingbo Shoes,,"A lotus seemingly carved from jade. Wearing it instantly makes one light as a feather, said to allow free travel between heaven and earth. (Female use)"
3646,5,雪虹鞋,即使在极北苦寒之地都可御寒，鞋上隐隐现出五色神光，如雪中彩虹。（菱纱）,Snow Rainbow Shoes,AuroraBoots,,AuroraBoots,,"Even in the bitter cold of the far north, these shoes provide warmth, with faint five-colored divine light shimmering like a rainbow in the snow. (Ling Sha)"
3647,5,赤玉履,相传为仙人留给始皇帝的仙履，缀有玛瑙和玉石装饰，华丽漂亮。（梦璃）,Red Jade Boots,RubyBoots,,RubyBoots,,"Legend says these are immortal shoes left for the First Emperor by an immortal, adorned with agate and jade, gorgeous and beautiful. (Mengli)"
3648,6,皂布腰带,粗布缝制的带子，围在腰部束系衣物。（男用）,Black Cloth Belt,,,Black Cloth Belt,,"A belt sewn from coarse cloth, worn around the waist to fasten clothing. (Male use)"
3649,6,龙纹臂环,从异域传来刻有龙纹的青铜环，雕刻得栩栩如生，仿佛便要脱环而飞。（男用）,Dragon Pattern Arm Ring,,,DragonArmRing,,"A bronze ring with dragon patterns transmitted from foreign lands, carved so vividly it seems about to fly off the ring. (Male)"
3650,6,残影护腰,金蚕丝织成的腰带，轻便又能防身，能使人脚下生风，只见人影，不见人身。（男用）,Afterimage Waist Guard,,,AfterimageWaistGuard,,"A belt woven from golden Silk, lightweight yet protective, enabling one to move with such speed that only a shadow is seen, not the body. (For males)"
3651,6,玉扳指,圆筒状的指环，可套拇指，玉质翠绿，刻有花纹。（男用）,Jade Thumb Ring,,,Jade Thumb Ring,,A cylindrical thumb ring made of green jade with carved patterns. (For men)
3652,6,翡翠鼻烟壶,古朴典雅的玉壶，为富贵人家手中的珍玩。（男用）,Jadeite Snuff Bottle,,,Jadeite Snuff Bottle,,"An antique, elegant jade pot, a treasure in the hands of the wealthy. (For men)"
3653,6,琵琶玉带钩,琵琶型的玉带钩，十分罕见，用来钩束腰带似乎太过奢侈。（男用）,Pipa Jade Belt Hook,,,Pipa Jade Belt Hook,,"Pipa-shaped jade belt hook, very rare. Using it to hook a belt seems too luxurious. (For males)"
3654,6,青铜护腕,青铜打造而成的护腕，江湖侠客常用之物。（男用）,Bronze Bracers,,,Bronze Bracers,,"A wrist guard made of bronze, commonly used by martial artists. (For men)"
3655,6,云纹束腰,绘有成片云朵的腰带，有祥云出雾之感，雅致高贵。（男用）,Cloud Pattern Waistband,,,CloudPatternWaistband,,"A belt painted with clouds, giving a sense of auspicious clouds emerging from mist, elegant and noble. (For men)"
3656,6,降龙护腕,用稀有的黑曜石制成的护腕，幽黑光亮，能让人拥有力劈华山般的神力。（男用）,Subdue Dragon Bracers,,,SubdueDragonBracers,,"Bracers made from rare Obsidian, dark and gleaming, granting the divine strength to split Mount Hua. (Male)"
3657,6,银戒指,纯银打造而成的戒指。（女用）,Silver Ring,SilverRing,,SilverRing,,Ring crafted from pure silver. (Female use)
3658,6,神秘面纱,西域女子所用的面纱，飘逸灵动，边角绘有火焰形图案。（女用）,Mysterious Veil,,,Mysterious Veil,,"Veil used by women from the Western Regions, elegant and flowing, with flame patterns at the edges. (For females)"
3659,6,玄女飞天石,一块流光异彩的圆石，上绘玄女飞天图，佩戴者能登云踏雾，行走如风。（女用）,Mystic Maiden Skyward Stone,,,Mystic Maiden Skyward Stone,,"A lustrous round stone painted with a celestial maiden soaring. Equip can tread clouds and mist, moving swift as the wind. (Female)"
3660,6,相思扣,用丝线缠绕铜钱制成的饰物，常被用来当作定情之物。（女用）,Lovers' Knot,,,Lovers' Knot,,"An ornament made by wrapping Silk Thread around a copper coin, often used as a token of love. (For women)"
3661,6,流苏香包,坠有流苏的香囊，流苏上还串有五颜六色的珠子，十分漂亮。（女用）,Tassel Sachet,,,Tassel Sachet,,"A Sachet with tassels, strung with colorful beads, very beautiful. (Female)"
3662,6,玉坠冰丝巾,冰蚕丝织成的汗巾，吊有玉坠，能令人通体舒适，精神爽朗。（女用）,Jade Pendant Ice Silk Scarf,,,Ice Silk Scarf,,"A handkerchief woven from ice Silk, with a jade pendant; brings comfort and refreshing vigor. (Female)"
3663,6,金丝香铃,精致的香铃，小巧玲珑，散发淡然的异香，是年轻女子爱用的饰物。（女用）,Golden Thread Fragrant Bell,,,Golden Thread Fragrant Bell,,"An exquisite fragrant bell, small and delicate, emitting a subtle exotic scent. A favorite accessory for young women. (Female)"
3664,6,碧玉手镯,翠绿的手镯，玉质细腻，没有一丝杂色。（女用）,Green Jade Bracelet,,,Green Jade Bracelet,,"An emerald green bracelet, jade texture fine without a trace of impurity. (For women)"
3665,6,芙蓉青玉镯,玉镯上的芙蓉雕琢地栩栩如生，仿佛有花精孕育其中。（女用）,Lotus Green Jade Bracelet,,,LotusJadeBracelet,,The hibiscus carved on the jade bracelet is so lifelike it seems as if a flower spirit is nurtured within. (For women)
3666,6,青金石指环,表面雕有万字形的青色戒指，含有一粒粒发光的金沙。,Lapis Lazuli Ring,,,Lapis Lazuli Ring,,"A green ring carved with swastika patterns, containing glowing golden sand grains."
3667,6,白玉龙凤佩,羊脂白玉雕刻成的玉佩，上绘龙凤飞舞图，玉白如凝脂一般，细腻光滑。,White Jade Dragon Phoenix,,,Dragon-Phoenix Jade,,"A jade pendant carved from Mutton-fat White Jade, depicting dragons and phoenixes in flight, white as congealed fat, smooth and fine."
3668,6,璇光指环,晶莹剔透的指环，上有一圈圈螺旋的纹路，隐约可见红色的光芒正绕着纹路流动。,Xuanguang Ring,,,Xuanguang Ring,,"A crystal-clear ring with spiral patterns, faint red light visible flowing along the grooves."
3669,6,软玉玉佩,圆形玉佩，触手温暖，是贴身携带的佳品。,Soft Jade Pendant,,,Soft Jade Pendant,,"Round jade pendant, warm to the touch, excellent for carrying close."
3670,6,寿葫芦,一个绑着红绳的葫芦，外形上并没有什么特殊，却可源源不断地涌出真气。　　,Longevity Gourd,SpiritGourd,,SpiritGourd,,"A gourd tied with a red cord, ordinary in appearance, yet endlessly emits true qi."
3671,6,乾坤正气环,一对刻有乾坤二字的手环，孕育着神奇的法力，据说佩戴上可以使河川逆流，山石倒转。,Qiankun Righteous Qi Ring,,,Chi Ring,,"A pair of bracelets engraved with the characters for 'Heaven' and 'Earth,' imbued with magical power. It is said that wearing them on Equip can make rivers flow backward and mountains turn upside down."
3672,6,明月佩,如同月亮一般散发着柔和光芒的玉佩。,Moonlight Pendant,,,Moonlight Pendant,,A jade pendant that emits a soft glow like the moon.
3673,6,五色琉璃扣,缤纷亮丽的琉璃扣，五光十色，绚丽夺目，让人如同坠入万象世界。,Five-colored Glazed Buckle,,,Color-Glazed Buckle,,"Colorful and bright glass button, dazzling and brilliant, making one feel like falling into a kaleidoscopic world."
3674,6,冰晶玉如意,如一朵冰晶透明的灵芝一般，皇家的珍宝，佩戴者能受到上天的庇佑。,Ice Crystal Jade Ruyi,,,Ice Crystal Jade Ruyi,,"Resembling a crystal-clear ice lingzhi mushroom, a royal treasure; Equip grants divine protection."
3675,6,红玉蝉,血红色的玉蝉，有薄而透明之感，雕工娴熟，是玉器中难得的珍品。,Red Jade Cicada,,,Red Jade Cicada,,"Blood-red jade cicada, thin and transparent feel, skilled carving, rare treasure among jade artifacts."
3676,6,血珀戒指,一枚晶莹透亮的琥珀戒指，可以看见里面有一条条血红色的带纹。,Blood Amber Ring,,,Blood Amber Ring,,"A crystal-clear amber ring, inside which one can see streaks of blood-red bands."
3677,6,火焰赤玉佩,通体红色透明，上有深浅不一的条纹，摸起来炙热无比，烫灼人手。,Flame Crimson Jade Pendant,,,Flame Jade Pendant,,"Entirely red and transparent, with varying depth stripes, feels extremely hot to touch, burning hands."
3678,6,黄铜臂环,黄铜所制的臂环，防护之功用并不出众。,Brass Arm Ring,,,Brass Arm Ring,,"Brass armlet, its protective function is not outstanding."
3679,6,金锁吊坠,一根细链上吊有镂空雕花的金锁，拥有宁神安心的功效。,Golden Lock Pendant,,,GoldenLockPendant,,"A fine chain with an openwork carved gold lock, said to calm and soothe the mind."
3680,6,金佛石珠,一串用金线串成的佛珠，珠上刻有佛祖像，佩戴上能够拥有强大的法力。,Golden Buddha Stone Bead,,,Golden Buddha Stone Bead,,"A string of Buddha beads threaded with gold wire, carved with Buddha images; Equip grants powerful magic."
3681,6,疾风吊牌,刻有“风”字的玉牌，能够令人有身轻如燕的感觉。,Swift Wind Tag,,,Swift Wind Tag,,"A jade plaque engraved with the character 'Wind', grants a feeling of lightness."
3682,6,墨玉戒指,乌黑透亮，雕有精致的兰花纹，连叶片上的露珠都隐约可见。,Black Jade Ring,,,Black Jade Ring,,"Jet-black and translucent, carved with exquisite orchid patterns, even dewdrops on leaves faintly visible."
3683,6,天地无极符,吸收天地精华的护身符，凝聚着山川河流的力量，隐隐有股强大的气流透出。,Heaven Earth Limitless,,,Heaven Earth Limitless,,"A talisman that absorbs the essence of heaven and earth, condensing the power of mountains and rivers, faintly emitting a powerful airflow."
3684,6,平安符,佩戴在身上，用灵气护身的符牌。,Peace Talisman,,,Peace Talisman,,"Equip worn on body, a talisman that uses spiritual energy for protection."
3685,6,阴阳五行镜,一面阴阳铜镜，正面刻有圆日，反面雕着弯月，能够调节阴阳，百病不侵。,Yin-Yang Five Elements Mirror,,,Yin-Yang Elem. Mirror,,"A yin-yang bronze mirror: front engraved with a full sun, back carved with a crescent moon, regulates yin-yang, wards off all ailments."
3686,6,两仪四象符,精致的符牌，上有两仪四象的图案，能使人受到道家无极法力的庇佑。,Two Forms Four Symbols,,,Form-Symbols Talisman,,"An exquisite talisman with yin-yang and four symbols patterns, granting protection under Daoist infinite power."
3687,6,苗银簪,虽是普通苗族银簪的式样，但却蕴藏着强大的灵力，据说是受到过女娲娘娘祝福的银器。（女用）,Miao Silver Hairpin,,,Miao Silver Hairpin,,"Though styled like an ordinary Miao silver hairpin, it holds powerful spiritual energy, said to be blessed by the goddess Nüwa. (For females)"
3688,6,玲珑珊瑚,生于东海龙宫中的珊瑚，玲珑剔透，乃是人间罕见的宝物。,Exquisite Coral,,,Exquisite Coral,,"Coral born in the East Sea Dragon Palace, exquisitely translucent, a rare treasure in the mortal realm."
,,,,,,,,,
,,,,,,,,,
,,,,,,,,,
,,,,,,,,,
,,,,,,,,,
,,,,,,,,,
,,,,,,,,,
,,,,,,,,,
